question;answer
Question 0;Answer 0
Question 1;Answer 1
Question 2;Answer 2
Question 3;Answer 3
Question 4;Answer 4
Question 5;Answer 5
Question 6;Answer 6
Question 7;Answer 7
Question 8;Answer 8
Question 9;Answer 9
Question 10;Answer 10
Question 11;Answer 11
Question 12;Answer 12
Question 13;Answer 13
Question 14;Answer 14
Question 15;Answer 15
Question 16;Answer 16
Question 17;Answer 17
Question 18;Answer 18
Question 19;Answer 19
Question 20;Answer 20
Question 21;Answer 21
Question 22;Answer 22
Question 23;Answer 23
Question 24;Answer 24
Question 25;Answer 25
Question 26;Answer 26
Question 27;Answer 27
Question 28;Answer 28
Question 29;Answer 29
Question 30;Answer 30
Question 31;Answer 31
Question 32;Answer 32
Question 33;Answer 33
Question 34;Answer 34
Question 35;Answer 35
Question 36;Answer 36
Question 37;Answer 37
Question 38;Answer 38
Question 39;Answer 39
Question 40;Answer 40
Question 41;Answer 41
Question 42;Answer 42
Question 43;Answer 43
Question 44;Answer 44
Question 45;Answer 45
Question 46;Answer 46
Question 47;Answer 47
Question 48;Answer 48
Question 49;Answer 49
Question 50;Answer 50
Question 51;Answer 51
Question 52;Answer 52
Question 53;Answer 53
Question 54;Answer 54
Question 55;Answer 55
Question 56;Answer 56
Question 57;Answer 57
Question 58;Answer 58
Question 59;Answer 59
Question 60;Answer 60
Question 61;Answer 61
Question 62;Answer 62
Question 63;Answer 63
Question 64;Answer 64
Question 65;Answer 65
Question 66;Answer 66
Question 67;Answer 67
Question 68;Answer 68
Question 69;Answer 69
Question 70;Answer 70
Question 71;Answer 71
Question 72;Answer 72
Question 73;Answer 73
Question 74;Answer 74
Question 75;Answer 75
Question 76;Answer 76
Question 77;Answer 77
Question 78;Answer 78
Question 79;Answer 79
Question 80;Answer 80
Question 81;Answer 81
Question 82;Answer 82
Question 83;Answer 83
Question 84;Answer 84
Question 85;Answer 85
Question 86;Answer 86
Question 87;Answer 87
Question 88;Answer 88
Question 89;Answer 89
Question 90;Answer 90
Question 91;Answer 91
Question 92;Answer 92
Question 93;Answer 93
Question 94;Answer 94
Question 95;Answer 95
Question 96;Answer 96
Question 97;Answer 97
Question 98;Answer 98
Question 99;Answer 99
